1104:A. G.|G., A.:
1105:Alain Bosquet|Bosquet, Alain (1919-1998):
1106:Aloys-J. Bataillard|Bataillard, Aloys-J. (1906-1956)|ALOYS-J:
1107:André Billy|Billy, André (1882-1971)|Billy:
1108:André Brincourt|Brincourt, André (1920-2016):
1109:André Fontainas|Fontainas, André:
1110:André Maurice|Maurice, André|André MAURICE:
1111:Angelo Rinaldi|Rinaldi, Angelo (1940- )|Rinaldi, Angelo:
1112:Anne-Catherine Benchelah|Benchelah, Anne-Catherine:
1113:Antoine Mercoeur|Mercoeur, Antoine:
1114:Antoine Mercœur :
1115:Aristide:
1116:Bernard Pivot|Pivot, Bernard (1935- )|Pivot, Bernard|Pivot:
1117:Bertrand Poirot-Delpech|Poirot-Delpech, Bertrand|Poirot-Delpech, Bertrand (1929-2006):
1118:Bruno Blanckeman|Blanckeman, Bruno:
1119:Bruno de Cessole|Cessole, Bruno (de) (1950- ):
1120:C. C:
1121:Carl Gustaf Bjurstrom|Bjurstrom, Carl Gustaf (1919-2001):
1122:Carlo Bronne|Carlo BRONNE de‧l'Académie|Bronne, Carlo (1901-1987)|Carlo Bronne de‧l' Académie|M. Carlo Bronne:
1123:Catherine Clément|Clément, Catherine:
1124:Charles du Bos :
1125:Christian Barthe-Lhemy|Barthe-Lhemy, Christian:
1126:Christian Debet|Debet, Christian:
1127:Christian Murciaux|Murciaux, Christian (1915-1972):
1128:Christiane Baroche|Baroche, Christiane (1935-....):
1129:Claude Dis|Dis, Claude:
1130:Claude Mettra|Mettra, Claude (1922-2005):
1131:Claude Servan-Schreiber|Servan-Schreiber, Claude:
1132:Claude de Greve-Gorokhoff|Greve-Gorokhoff, Claude (de)|Claude DE GREFVE-GOROKHOFF:
1133:Colette Gaudin|Gaudin, Colette:
1134:Cécile Wajsbrot :
1135:Cécile Wjasbrot|Wjasbrot, Cécile (1954- ):
1136:Dimitri T. Analis|Analis, Dimitri T. (1938- ):
1137:Dominique Aury|Aury, Dominique (1907-1998)|DOMINIQUE AURY:
1138:Dominique Gaboret-Guiselin|Gaboret-Guiselin, Dominique:
1139:Domino:
1140:Edith Thomas|Thomas, Edith (1909-1970):
1141:Edmond Jaloux|Jaloux, Edmond (1878-1949)|Jaloux, Edmond|EDMOND JALOUX|Edmond JALOUX|M. Jaloux|Jaloux:
1142:Emilie Noulet|Noulet, Emilie (1892-1978):
1143:Evelyne Bloch-Dano :
1144:Francis Vian|Vian, Francis (1917-2008)|Francis VIAN:
1145:François Bott|Bott, François (1935- ):
1146:François Nourissier|Nourissier, François (1927-2011)|M. François Nourissier|FRANÇOIS NOURISSIER:
1147:François Nourrisier|Nourrisier, François (1927-2011):
1148:François Nourrissier|Nourissier:
1149:Françoise Bregis :
1150:Françoise Brégis|Brégis, Françoise (1946- ):
1151:G. Chakeksol|Chakeksol, G.:
1152:Gabriel D' Aubarède :
1153:Gabriel Germain|Germain, Gabriel (1903-1978)|GABRIEL GERMAIN:
1154:Gabriel Marcel|Marcel, Gabriel (1889-1973):
1155:Gabriel d' Aubarède|Aubarède, Gabriel (d' ) (1898-1995):
1156:Gabrielle Rolin|Rolin, Gabrielle (1926-2013):
1157:George Sion|Sion, George (1913-2001):
1158:Georges Anex|Anex, Georges (1916-1991):
1159:Gilles Plazy|Plazy, Gilles:
1160:Guy Dumur|Guy Dumur:
1161:Guy Le Clec' h|Le Clec' h, Guy (1917-2005):
1162:Gérard d' Houville|d' Houville, Gérard (1875-1963):
1163:Gérard de Cortanze|Cortanze, Gérard (de) (1948- ):
1164:Henri Clouard|Clouard, Henri (1889-1974):
1165:Henri Hell|Hell, Henri:
1166:Hélène Ioannidi|Ioannidi, Hélène:
1167:Isabelle Boydens|Boydens, Isabelle:
1168:J. G.|G., J.:
1169:J.-D W.|W., J.-D:
1170:J.-D. W|W, J.-D.:
1171:J.-M. Maulpoix|Maulpoix, J.-M.:
1172:J.-P. P.-H.|P.-H., J.-P.:
1173:Jacqueline Piatier|Piatier, Jacqueline (1921-2001)|JACQUELINE PIATIER:
1174:Jacques 1908-1974 Lemarchand|Lemarchand, Jacques ( 1908-1974):
1175:Jacques Almira|Almira, Jacques (1950-....)|JACQUES ALMIRA:
1176:Jacques Chancel|Chancel, Jacques (1928-2014)|JACQUES CHANCEL|Jacques CHANCEL:
1177:Jacques de Ricaumont|Ricaumont, Jacques (de) (1913-1996):
1178:Jean Blanzat|Blanzat, Jean (1906-1977):
1179:Jean Blot|Blot, Jean|Jean BLOT:
1180:Jean Chalon|Chalon, Jean (1935- )|Chalon, Jean|Jean CHALON|JEAN CHALON:
1181:Jean Duché|Duché, Jean:
1182:Jean Duvignaud|Duvignaud, Jean (1921-2007):
1183:Jean Mistler|Mistler, Jean (1897-1988)|Jean Mistler de‧l' Académie:
1184:Jean Onimus|Onimus, Jean:
1185:Jean Peloux|Peloux, Jean:
1186:Jean Prasteau|Prasteau, Jean (1921-1997):
1187:Jean Roudaut|Roudaut, Jean (1929- ):
1188:Jean Tordeur|Tordeur, Jean (1920- ):
1189:Jean Vigneaux|Vigneaux, Jean:
1190:Jean d' Ormesson|Ormesson, Jean (d' ) (1925- ):
1191:Jean d'Ormesson|Jean d'Ormesson de‧l'Académie|Jean d' Ormesson de‧l' Académie|Jean d' ORMESSON|Jean d' ORMESSON|Jean D' Ormesson:
1192:Jean-Charles Gateau|Gateau, Jean-Charles (1932-2015):
1193:Jean-Claude Ollier|Ollier, Jean-Claude:
1194:Jean-Didier Wolfromm|Wolfromm, Jean-Didier (1941-1994):
1195:Jean-Louis Ezine|Ezine, Jean-Louis (1948- ):
1196:Jean-Luc Wauthier|Wauthier, Jean-Luc (1950- ):
1197:Jean-Pierre Dubois|Dubois, Jean-Pierre:
1198:Jean-Pierre de Crayencour|Crayencour, Jean-Pierre (de):
1199:Jeanine Delpech|Delpech, Jeanine|Jeanine DELPECH:
1200:John Charpentier|Charpentier, John (1880-1949):
1201:Josane Duranteau|Duranteau, Josane (1923- )|JOSANE DURANTEAU:
1202:Joseph Bertrand|Bertrand, Joseph:
1203:Josyane Savigneau|Savigneau, Josyane (1951- )|Savigneau, Josyane|JOSYANE SAVIGNEAU:
1204:José Cabanis|Cabanis, José (1922-2000)|Jose Cabanis:
1205:Jérôme Garcin|Jérôme Garcin (1956- )|Garcin, Jérôme (1956- )|Jérôme GARCIN:
1206:L K.|K., L:
1207:L.B:
1208:L.P.:
1209:Lionel Mirish|Mirish, Lionel:
1210:Lucien Guissard|Guissard, Lucien:
1211:Lucien Noullez|Noullez, Lucien (1957- ):
1212:Léo Gillet|Gillet, Léo|LÉO GILLET:
1213:M.N:
1214:Magdeleine Jacques-Benoist :
1215:Marcel Arland|Arland, Marcel (1899-1986):
1216:Marthe Peyroux|Peyroux, Marthe:
1217:Mathieu Galey|Galey, Mathieu|Galey, Mathieu (1934-1986):
1218:Matthieu Galey|MATTHIEU GALEY|Mathieu Galley:
1219:Matthieu Galey :
1220:Maurice Delcroix :
1221:Maurice Nadeau|Nadeau, Maurice:
1222:Max-Pol Fouchet|Fouchet, Max-Pol (1913-1980):
1223:Michel Defourny|Defourny, Michel|Michel DEFOURNY:
1224:Michel Volkovitch|Volkovitch, Michel:
1225:Michèle Goslar|Goslar, Michèle|Goslar, Michèle (1948):
1226:Mieke Taat|Taat, Mieke:
1227:Nicole Avril|Avril, Nicole (1939- ):
1228:Odile Gandon|Gandon, Odile:
1229:P.E:
1230:Pamela Tytell|Tytell, Pamela|Pamela TYTELL:
1231:Patrick de Rosbo|Rosbo, Patrick (de)|Patrick de Rosbo France-Culture:
1232:Paul Chauveau|Chauveau, Paul:
1233:Paul Guth|Guth, Paul:
1234:Paul Morand|Morand, Paul (1888-1976):
1235:Paule Constant|Constant, Paule (1944-....):
1236:Philippe Senart|Senart, Philippe:
1237:Philippe Sénart|Philippe Sénart:
1238:Philippe-Jean Catinchi|Catinchi, Philippe-Jean:
1239:Pierre Audiat|Audiat, Pierre (1891-1961):
1240:Pierre Boncenne|Boncenne, Pierre (1950- ):
1241:Pierre Founarel|Founarel, Pierre:
1242:Pierre Lartigue|Lartigue, Pierre:
1243:Pierre Sipriot|Sipriot, Pierre (1921-1998):
1244:Pierre de Boisdeffre|Boisdeffre, Pierre de (1926-2002)|Boisdeffre, Pierre (de) (1926-2002)|PIERRE DE BOISDEFFRE:
1245:Pierre-Henri Simon|Simon, Pierre-Henri (1903-1972)|Pierre-Henri Simon de‧l' Académie|Pierre-Henri Simon de‧l' Académie:
1246:René Marill Albérès|Albérès, René Marill (1921-1982):
1247:Robert Bourget-Pailleron :
1248:Robert Kanters|Kanters, Robert (1910-1985)|KANTERS:
1249:Robert Kemp|Kemp, Robert (1879-1959):
1250:Robert Sabatier|Sabatier, Robert (1923-2012):
1251:Rémy Poignault|R. Poignault:
1252:Rémy Poignault :
1253:Serge Bimpage|Bimpage, Serge:
1254:Serge Koster|Koster, Serge (1940- ):
1255:Tsutomu Iwasaki|Iwasaki, Tsutomu:
1256:Van Woerkum|Van Woerkum:
1257:Viviane Forrester|Forrester, Viviane|Forrester:
1258:Yves Berger|Berger, Yves|YVES BERGER:
1259:Yvon Bernier|Bernier, Yvon|Bernier:
1260:Édith Thomas|Edith THOMAS:
1261:Émile Henriot|Henriot, Émile (1885-1961):
1262:Éric Ollivier|Ollivier, Éric (1927-2015):
1263:Étienne Coche de‧la Ferté|Coche de‧la Ferté, Étienne:
1264:Évelyne Bloch-Dano|Bloch-Dano, Évelyne:
